Location,Profile_Type,Field_Type,Distance,Circuit_ID,Field_Value,Temperature,Humidity,Predicted_E_XGB,Predicted_E_LGB,Predicted_E_NN,Predicted_E_Ens,Residual_E,Predicted_E_Best,Best_Method_E,Predicted_H_XGB,Predicted_H_LGB,Predicted_H_NN,Predicted_H_Ens,Predicted_B_uT,Residual_H,Predicted_H_Best,Best_Method_H
Ibri-Ibri City,Longitudinal,E,190.0,1,1.2204,31.6,23.7,0.31412506,0.19417625920009307,0.13244599,0.1895904410689134,1.0308095589310866,3.5088239,Direct,,,,,,,,
Ibri-Ibri City,Longitudinal,E,190.0,2,1.621,31.6,23.7,0.31412506,0.19417625920009307,0.13244599,0.1895904410689134,1.4314095589310867,1.4894234,Direct,,,,,,,,
Ibri-Ibri City,Longitudinal,E,150.0,1,3.3445,31.6,23.7,0.5134754,0.3675756884592768,0.22364998,0.3582260156571456,2.9862739843428545,2.872592,Direct,,,,,,,,
Ibri-Ibri City,Longitudinal,E,150.0,2,3.2013,31.6,23.7,0.5134754,0.3675756884592768,0.22364998,0.3582260156571456,2.8430739843428543,2.6744037,Direct,,,,,,,,
Ibri-Ibri City,Longitudinal,E,110.0,1,4.0934,31.6,23.7,0.94987106,0.8191122756677516,0.5430669,0.800962457403247,3.292437542596753,3.7512507,Direct,,,,,,,,
Ibri-Ibri City,Longitudinal,E,110.0,2,3.8634,31.6,23.7,0.94987106,0.8191122756677516,0.5430669,0.800962457403247,3.062437542596753,3.0755262,Direct,,,,,,,,
Ibri-Ibri City,Longitudinal,E,70.0,1,5.8105,31.6,23.7,3.3848324,2.833316105731747,2.2212496,2.803909277333066,3.0065907226669344,5.932398,Direct,,,,,,,,
Ibri-Ibri City,Longitudinal,E,70.0,2,5.6402,31.6,23.7,3.3848324,2.833316105731747,2.2212496,2.803909277333066,2.8362907226669343,4.5758324,Direct,,,,,,,,
Ibri-Ibri City,Longitudinal,E,30.0,1,6.4335,31.6,23.7,24.595041,21.511459788262744,21.476736,21.593631058504588,-15.160131058504588,8.67183,Direct,,,,,,,,
Ibri-Ibri City,Longitudinal,E,30.0,2,6.2751,31.6,23.7,24.595041,21.511459788262744,21.476736,21.593631058504588,-15.318531058504588,8.587964,Direct,,,,,,,,
Ibri-Ibri City,Longitudinal,E,10.0,1,9.0318,31.6,23.7,71.92296,66.64366002875158,54.796913,66.0234236218881,-56.991623621888095,7.4103384,Direct,,,,,,,,
Ibri-Ibri City,Longitudinal,E,10.0,2,7.6283,31.6,23.7,71.92296,66.64366002875158,54.796913,66.0234236218881,-58.3951236218881,8.157633,Direct,,,,,,,,
Ibri-Ibri City,Longitudinal,E,0.0,1,7.1744,31.6,23.7,87.294334,78.95592074071038,61.41895,78.0347408834356,-70.8603408834356,6.6798763,Direct,,,,,,,,
Ibri-Ibri City,Longitudinal,E,0.0,2,7.1554,31.6,23.7,87.294334,78.95592074071038,61.41895,78.0347408834356,-70.8793408834356,6.5350533,Direct,,,,,,,,
Ibri-Ibri City,Longitudinal,E,10.0,1,7.6789,31.6,23.7,71.92296,66.64366002875158,54.796913,66.0234236218881,-58.3445236218881,8.617279,Direct,,,,,,,,
Ibri-Ibri City,Longitudinal,E,10.0,2,7.6622,31.6,23.7,71.92296,66.64366002875158,54.796913,66.0234236218881,-58.3612236218881,8.157633,Direct,,,,,,,,
Ibri-Ibri City,Longitudinal,E,30.0,1,9.2162,31.6,23.7,24.595041,21.511459788262744,21.476736,21.593631058504588,-12.377431058504587,6.783898,Direct,,,,,,,,
Ibri-Ibri City,Longitudinal,E,30.0,2,9.0135,31.6,23.7,24.595041,21.511459788262744,21.476736,21.593631058504588,-12.580131058504588,6.710529,Direct,,,,,,,,
Ibri-Ibri City,Longitudinal,E,70.0,1,6.0825,31.6,23.7,3.3848324,2.833316105731747,2.2212496,2.803909277333066,3.2785907226669337,5.7776217,Direct,,,,,,,,
Ibri-Ibri City,Longitudinal,E,70.0,2,4.4862,31.6,23.7,3.3848324,2.833316105731747,2.2212496,2.803909277333066,1.6822907226669344,5.6781187,Direct,,,,,,,,
Ibri-Ibri City,Longitudinal,E,110.0,1,3.7708,31.6,23.7,0.94987106,0.8191122756677516,0.5430669,0.800962457403247,2.969837542596753,4.0967035,Direct,,,,,,,,
Ibri-Ibri City,Longitudinal,E,110.0,2,3.0921,31.6,23.7,0.94987106,0.8191122756677516,0.5430669,0.800962457403247,2.291137542596753,3.8708477,Direct,,,,,,,,
Ibri-Ibri City,Longitudinal,E,150.0,1,2.8196,31.6,23.7,0.5134754,0.3675756884592768,0.22364998,0.3582260156571456,2.4613739843428544,3.425469,Direct,,,,,,,,
Ibri-Ibri City,Longitudinal,E,150.0,2,2.6541,31.6,23.7,0.5134754,0.3675756884592768,0.22364998,0.3582260156571456,2.2958739843428546,3.163752,Direct,,,,,,,,
Ibri-Ibri City,Longitudinal,E,190.0,1,1.5529,31.6,23.7,0.31412506,0.19417625920009307,0.13244599,0.1895904410689134,1.3633095589310866,3.5088239,Direct,,,,,,,,
Ibri-Ibri City,Longitudinal,E,190.0,2,1.3774,31.6,23.7,0.31412506,0.19417625920009307,0.13244599,0.1895904410689134,1.1878095589310866,1.4399612,Direct,,,,,,,,
Ibri-Ibri City,Lateral,E,50.0,1,0.2326,31.6,23.7,7.632517,6.341211576898028,6.938305,6.412352467327091,-6.179752467327091,2.1104138,Direct,,,,,,,,
Ibri-Ibri City,Lateral,E,50.0,2,0.2256,31.6,23.7,7.632517,6.341211576898028,6.938305,6.412352467327091,-6.186752467327091,1.357654,Direct,,,,,,,,
Ibri-Ibri City,Lateral,E,40.0,1,0.2616,31.6,23.7,12.496437,11.534049954338146,12.735205,11.642483800377297,-11.380883800377298,1.3924397,Direct,,,,,,,,
Ibri-Ibri City,Lateral,E,40.0,2,0.2495,31.6,23.7,12.496437,11.534049954338146,12.735205,11.642483800377297,-11.392983800377298,1.2499582,Direct,,,,,,,,
Ibri-Ibri City,Lateral,E,30.0,1,3.6685,31.6,23.7,24.595041,21.511459788262744,21.476736,21.593631058504588,-17.92513105850459,2.0390978,Direct,,,,,,,,
Ibri-Ibri City,Lateral,E,30.0,2,3.4852,31.6,23.7,24.595041,21.511459788262744,21.476736,21.593631058504588,-18.10843105850459,1.9682168,Direct,,,,,,,,
Ibri-Ibri City,Lateral,E,20.0,1,6.4316,31.6,23.7,42.57718,39.64421290547814,35.70394,39.47697505761121,-33.04537505761121,2.2843423,Direct,,,,,,,,
Ibri-Ibri City,Lateral,E,20.0,2,6.1385,31.6,23.7,42.57718,39.64421290547814,35.70394,39.47697505761121,-33.33847505761121,1.7657424,Direct,,,,,,,,
Ibri-Ibri City,Lateral,E,10.0,1,3.1604,31.6,23.7,71.92296,66.64366002875158,54.796913,66.0234236218881,-62.8630236218881,4.2953553,Direct,,,,,,,,
Ibri-Ibri City,Lateral,E,10.0,2,3.0151,31.6,23.7,71.92296,66.64366002875158,54.796913,66.0234236218881,-63.0083236218881,3.156047,Direct,,,,,,,,
Ibri-Ibri City,Lateral,E,0.0,1,8.2351,31.6,23.7,87.294334,78.95592074071038,61.41895,78.0347408834356,-69.7996408834356,8.918573,Direct,,,,,,,,
Ibri-Ibri City,Lateral,E,0.0,2,7.9562,31.6,23.7,87.294334,78.95592074071038,61.41895,78.0347408834356,-70.07854088343561,6.9523582,Direct,,,,,,,,
Ibri-Ibri City,Lateral,E,10.0,1,3.1064,31.6,23.7,71.92296,66.64366002875158,54.796913,66.0234236218881,-62.9170236218881,4.2953553,Direct,,,,,,,,
Ibri-Ibri City,Lateral,E,10.0,2,2.8564,31.6,23.7,71.92296,66.64366002875158,54.796913,66.0234236218881,-63.1670236218881,3.0321045,Direct,,,,,,,,
Ibri-Ibri City,Lateral,E,20.0,1,1.7698,31.6,23.7,42.57718,39.64421290547814,35.70394,39.47697505761121,-37.70717505761121,6.1948514,Direct,,,,,,,,
Ibri-Ibri City,Lateral,E,20.0,2,1.5891,31.6,23.7,42.57718,39.64421290547814,35.70394,39.47697505761121,-37.88787505761121,5.463103,Direct,,,,,,,,
Ibri-Ibri City,Lateral,E,30.0,1,1.819,31.6,23.7,24.595041,21.511459788262744,21.476736,21.593631058504588,-19.77463105850459,3.2636957,Direct,,,,,,,,
Ibri-Ibri City,Lateral,E,30.0,2,1.7854,31.6,23.7,24.595041,21.511459788262744,21.476736,21.593631058504588,-19.80823105850459,3.0987957,Direct,,,,,,,,
Ibri-Ibri City,Lateral,E,40.0,1,1.4885,31.6,23.7,12.496437,11.534049954338146,12.735205,11.642483800377297,-10.153983800377297,0.584827,Direct,,,,,,,,
Ibri-Ibri City,Lateral,E,40.0,2,1.4236,31.6,23.7,12.496437,11.534049954338146,12.735205,11.642483800377297,-10.218883800377297,0.22749652,Direct,,,,,,,,
Ibri-Ibri City,Lateral,E,50.0,1,2.414,31.6,23.7,7.632517,6.341211576898028,6.938305,6.412352467327091,-3.998352467327091,0.31107798,Direct,,,,,,,,
Ibri-Ibri City,Lateral,E,50.0,2,1.3139,31.6,23.7,7.632517,6.341211576898028,6.938305,6.412352467327091,-5.098452467327091,0.29531574,Direct,,,,,,,,
Mahda-Oha,Longitudinal,E,0.0,1,1.934,31.2,36.5,87.294334,78.95592074071038,61.425617,78.03518679610036,-76.10118679610036,3.8160124,Direct,,,,,,,,
Mahda-Oha,Longitudinal,E,0.0,2,1.8553,31.2,36.5,87.294334,78.95592074071038,61.425617,78.03518679610036,-76.17988679610036,2.6583734,Direct,,,,,,,,
Mahda-Oha,Longitudinal,E,40.0,1,5.1946,31.2,36.5,12.496437,11.534049954338146,12.717634,11.641308815403663,-6.446708815403663,5.4568577,Direct,,,,,,,,
Mahda-Oha,Longitudinal,E,40.0,2,3.6445,31.2,36.5,12.496437,11.534049954338146,12.717634,11.641308815403663,-7.996808815403663,4.7366023,Direct,,,,,,,,
Mahda-Oha,Longitudinal,E,80.0,1,6.6363,31.2,36.5,2.3942814,2.085917656831655,1.4341853,2.047726669288991,4.588573330711009,5.922018,Direct,,,,,,,,
Mahda-Oha,Longitudinal,E,80.0,2,3.5939,31.2,36.5,2.3942814,2.085917656831655,1.4341853,2.047726669288991,1.5461733307110093,5.5103135,Direct,,,,,,,,
Mahda-Oha,Longitudinal,E,120.0,1,9.4523,31.2,36.5,0.8122101,0.7838983583351835,0.42240545,0.7576850980006987,8.6946149019993,10.088314,Direct,,,,,,,,
Mahda-Oha,Longitudinal,E,120.0,2,7.6692,31.2,36.5,0.8122101,0.7838983583351835,0.42240545,0.7576850980006987,6.911514901999301,7.540679,Direct,,,,,,,,
Mahda-Oha,Longitudinal,E,160.0,1,11.521,31.2,36.5,0.431427,0.30455397227982395,0.17241007,0.2955085841080498,11.225491415891952,9.749802,Direct,,,,,,,,
Mahda-Oha,Longitudinal,E,160.0,2,7.7002,31.2,36.5,0.431427,0.30455397227982395,0.17241007,0.2955085841080498,7.40469141589195,8.690683,Direct,,,,,,,,
Mahda-Oha,Longitudinal,E,180.0,1,10.707,31.2,36.5,0.3516121,0.21566229746937912,0.12975734,0.2098401727029005,10.4971598272971,11.311846,Direct,,,,,,,,
Mahda-Oha,Longitudinal,E,180.0,2,8.0096,31.2,36.5,0.3516121,0.21566229746937912,0.12975734,0.2098401727029005,7.7997598272971,8.666254,Direct,,,,,,,,
Mahda-Oha,Longitudinal,E,200.0,1,11.282,31.2,36.5,0.2886696,0.19417625920009307,0.103287965,0.1870641393544186,11.094935860645581,9.557866,Direct,,,,,,,,
Mahda-Oha,Longitudinal,E,200.0,2,8.8448,31.2,36.5,0.2886696,0.19417625920009307,0.103287965,0.1870641393544186,8.65773586064558,8.672073,Direct,,,,,,,,
Mahda-Oha,Longitudinal,E,240.0,1,7.3733,31.2,36.5,0.21588707,0.127091845354285,0.06270185,0.12156656059583956,7.251733439404161,8.275282,Direct,,,,,,,,
Mahda-Oha,Longitudinal,E,240.0,2,7.3583,31.2,36.5,0.21588707,0.127091845354285,0.06270185,0.12156656059583956,7.23673343940416,6.482823,Direct,,,,,,,,
Mahda-Oha,Longitudinal,E,280.0,1,6.5332,31.2,36.5,0.18083763,0.101251605776066,0.04140854,0.0958002213158511,6.437399778684148,5.467225,Direct,,,,,,,,
Mahda-Oha,Longitudinal,E,280.0,2,5.0911,31.2,36.5,0.18083763,0.101251605776066,0.04140854,0.0958002213158511,4.995299778684148,5.558106,Direct,,,,,,,,
Mahda-Oha,Longitudinal,E,320.0,1,3.907,31.2,36.5,0.16850662,0.06640585544028837,0.029303372,0.06295586671863636,3.8440441332813635,3.788993,Direct,,,,,,,,
Mahda-Oha,Longitudinal,E,320.0,2,3.5511,31.2,36.5,0.16850662,0.06640585544028837,0.029303372,0.06295586671863636,3.4881441332813634,3.4454768,Direct,,,,,,,,
Mahda-Oha,Longitudinal,E,360.0,1,1.9238,31.2,36.5,0.16121483,0.0635329233349352,0.01887849,0.059475448324996516,1.8643245516750033,2.124544,Direct,,,,,,,,
Mahda-Oha,Longitudinal,E,360.0,2,1.6352,31.2,36.5,0.16121483,0.0635329233349352,0.01887849,0.059475448324996516,1.5757245516750036,1.7917402,Direct,,,,,,,,
Mahda-Oha,Lateral,E,50.0,1,0.2273,31.2,36.5,7.632517,6.341211576898028,6.9473877,6.412959857518628,-6.185659857518629,0.24512781,Direct,,,,,,,,
Mahda-Oha,Lateral,E,50.0,2,0.1555,31.2,36.5,7.632517,6.341211576898028,6.9473877,6.412959857518628,-6.257459857518628,0.5558436,Direct,,,,,,,,
Mahda-Oha,Lateral,E,40.0,1,1.0354,31.2,36.5,12.496437,11.534049954338146,12.717634,11.641308815403663,-10.605908815403662,0.5267808,Direct,,,,,,,,
Mahda-Oha,Lateral,E,40.0,2,0.2071,31.2,36.5,12.496437,11.534049954338146,12.717634,11.641308815403663,-11.434208815403663,0.9506036,Direct,,,,,,,,
Mahda-Oha,Lateral,E,30.0,1,1.5562,31.2,36.5,24.595041,21.511459788262744,21.28367,21.58072025422743,-20.02452025422743,1.0926917,Direct,,,,,,,,
Mahda-Oha,Lateral,E,30.0,2,0.3003,31.2,36.5,24.595041,21.511459788262744,21.28367,21.58072025422743,-21.28042025422743,1.3351318,Direct,,,,,,,,
Mahda-Oha,Lateral,E,20.0,1,5.6588,31.2,36.5,42.57718,39.64421290547814,34.91256,39.42405328542489,-33.76525328542489,3.0227346,Direct,,,,,,,,
Mahda-Oha,Lateral,E,20.0,2,0.4347,31.2,36.5,42.57718,39.64421290547814,34.91256,39.42405328542489,-38.98935328542489,2.481316,Direct,,,,,,,,
Mahda-Oha,Lateral,E,10.0,1,4.909,31.2,36.5,71.92296,66.64366002875158,53.146667,65.91306738012432,-61.00406738012432,3.978411,Direct,,,,,,,,
Mahda-Oha,Lateral,E,10.0,2,6.5418,31.2,36.5,71.92296,66.64366002875158,53.146667,65.91306738012432,-59.371267380124316,3.8488412,Direct,,,,,,,,
Mahda-Oha,Lateral,E,0.0,1,8.7156,31.2,36.5,87.294334,78.95592074071038,61.425617,78.03518679610036,-69.31958679610037,5.116098,Direct,,,,,,,,
Mahda-Oha,Lateral,E,0.0,2,6.0998,31.2,36.5,87.294334,78.95592074071038,61.425617,78.03518679610036,-71.93538679610036,7.0804334,Direct,,,,,,,,
Mahda-Oha,Lateral,E,10.0,1,3.8994,31.2,36.5,71.92296,66.64366002875158,53.146667,65.91306738012432,-62.01366738012432,5.0661163,Direct,,,,,,,,
Mahda-Oha,Lateral,E,10.0,2,3.941,31.2,36.5,71.92296,66.64366002875158,53.146667,65.91306738012432,-61.972067380124315,6.1282783,Direct,,,,,,,,
Mahda-Oha,Lateral,E,20.0,1,0.6346,31.2,36.5,42.57718,39.64421290547814,34.91256,39.42405328542489,-38.78945328542489,3.0227346,Direct,,,,,,,,
Mahda-Oha,Lateral,E,20.0,2,5.4962,31.2,36.5,42.57718,39.64421290547814,34.91256,39.42405328542489,-33.92785328542489,2.481316,Direct,,,,,,,,
Mahda-Oha,Lateral,E,30.0,1,0.613,31.2,36.5,24.595041,21.511459788262744,21.28367,21.58072025422743,-20.96772025422743,1.0926917,Direct,,,,,,,,
Mahda-Oha,Lateral,E,30.0,2,1.5394,31.2,36.5,24.595041,21.511459788262744,21.28367,21.58072025422743,-20.04132025422743,0.38339105,Direct,,,,,,,,
Mahda-Oha,Lateral,E,40.0,1,0.1143,31.2,36.5,12.496437,11.534049954338146,12.717634,11.641308815403663,-11.527008815403663,0.5267808,Direct,,,,,,,,
Mahda-Oha,Lateral,E,40.0,2,1.0936,31.2,36.5,12.496437,11.534049954338146,12.717634,11.641308815403663,-10.547708815403663,0.2649075,Direct,,,,,,,,
Mahda-Oha,Lateral,E,50.0,1,0.1071,31.2,36.5,7.632517,6.341211576898028,6.9473877,6.412959857518628,-6.305859857518628,0.15048262,Direct,,,,,,,,
Mahda-Oha,Lateral,E,50.0,2,0.8025,31.2,36.5,7.632517,6.341211576898028,6.9473877,6.412959857518628,-5.610459857518628,0.15760422,Direct,,,,,,,,
Barka-Rustaq,Longitudinal,E,0.0,1,2.761,29.8,35.4,66.60748,61.93695582339062,48.598804,61.1992607936382,-58.4382607936382,3.9266427,Direct,,,,,,,,
Barka-Rustaq,Longitudinal,E,0.0,2,2.0567,29.8,35.4,66.60748,61.93695582339062,48.598804,61.1992607936382,-59.142560793638204,2.3091424,Direct,,,,,,,,
Barka-Rustaq,Longitudinal,E,40.0,1,6.258,29.8,35.4,9.546745,8.43317550573235,8.998688,8.499930552955023,-2.241930552955023,5.9232345,Direct,,,,,,,,
Barka-Rustaq,Longitudinal,E,40.0,2,5.6838,29.8,35.4,9.546745,8.43317550573235,8.998688,8.499930552955023,-2.8161305529550233,4.754223,Direct,,,,,,,,
Barka-Rustaq,Longitudinal,E,80.0,1,6.0934,29.8,35.4,1.8991947,1.4991142064406369,1.0420966,1.4755300849606823,4.617869915039318,7.2415314,Direct,,,,,,,,
Barka-Rustaq,Longitudinal,E,80.0,2,7.4249,29.8,35.4,1.8991947,1.4991142064406369,1.0420966,1.4755300849606823,5.949369915039318,5.8693223,Direct,,,,,,,,
Barka-Rustaq,Longitudinal,E,120.0,1,9.2351,29.8,35.4,0.67943764,0.5532731225296514,0.31150627,0.5370890756133412,8.698010924386658,8.866911,Direct,,,,,,,,
Barka-Rustaq,Longitudinal,E,120.0,2,7.8701,29.8,35.4,0.67943764,0.5532731225296514,0.31150627,0.5370890756133412,7.333010924386659,8.463203,Direct,,,,,,,,
Barka-Rustaq,Longitudinal,E,160.0,1,8.3291,29.8,35.4,0.37496376,0.2471593156213124,0.13716471,0.23956816554091448,8.089531834459086,9.885099,Direct,,,,,,,,
Barka-Rustaq,Longitudinal,E,160.0,2,8.2281,29.8,35.4,0.37496376,0.2471593156213124,0.13716471,0.23956816554091448,7.988531834459085,6.8405094,Direct,,,,,,,,
Barka-Rustaq,Longitudinal,E,190.0,1,8.9197,29.8,35.4,0.27666283,0.1686798929059773,0.0959515,0.16306630084672963,8.756633699153271,6.694204,Direct,,,,,,,,
Barka-Rustaq,Longitudinal,E,190.0,2,5.1668,29.8,35.4,0.27666283,0.1686798929059773,0.0959515,0.16306630084672963,5.003733699153271,6.2578144,Direct,,,,,,,,
Barka-Rustaq,Longitudinal,E,220.0,1,7.6734,29.8,35.4,0.20698547,0.12379416417985659,0.061314106,0.1182669436898787,7.5551330563101216,7.753698,Direct,,,,,,,,
Barka-Rustaq,Longitudinal,E,220.0,2,7.2157,29.8,35.4,0.20698547,0.12379416417985659,0.061314106,0.1182669436898787,7.097433056310122,6.5459137,Direct,,,,,,,,
Barka-Rustaq,Longitudinal,E,260.0,1,4.7122,29.8,35.4,0.16172218,0.09835132469848668,0.026990294,0.09176009112557913,4.620439908874421,6.5891705,Direct,,,,,,,,
Barka-Rustaq,Longitudinal,E,260.0,2,3.9092,29.8,35.4,0.16172218,0.09835132469848668,0.026990294,0.09176009112557913,3.817439908874421,6.4518075,Direct,,,,,,,,
Barka-Rustaq,Longitudinal,E,300.0,1,3.2284,29.8,35.4,0.15081406,0.07946479585668612,0.009462655,0.07312929567903952,3.1552707043209605,5.012039,Direct,,,,,,,,
Barka-Rustaq,Longitudinal,E,300.0,2,3.1856,29.8,35.4,0.15081406,0.07946479585668612,0.009462655,0.07312929567903952,3.1124707043209603,4.664553,Direct,,,,,,,,
Barka-Rustaq,Longitudinal,E,340.0,1,2.5537,29.8,35.4,0.14271545,0.0576726757427498,0.0020896792,0.05259326699631618,2.501106733003684,3.0512595,Direct,,,,,,,,
Barka-Rustaq,Longitudinal,E,340.0,2,3.0656,29.8,35.4,0.14271545,0.0576726757427498,0.0020896792,0.05259326699631618,3.013006733003684,2.0554192,Direct,,,,,,,,
Barka-Rustaq,Longitudinal,E,380.0,1,1.5515,29.8,35.4,0.14189148,0.0576726757427498,0.001247704,0.05251830336174289,1.4989816966382572,1.216326,Direct,,,,,,,,
Barka-Rustaq,Longitudinal,E,380.0,2,0.8857,29.8,35.4,0.14189148,0.0576726757427498,0.001247704,0.05251830336174289,0.8331816966382571,1.708499,Direct,,,,,,,,
Barka-Rustaq,Lateral,E,50.0,1,0.1032,29.8,35.4,5.979557,4.724185597980298,4.8356915,4.760686953977394,-4.6574869539773935,2.7423363,Direct,,,,,,,,
Barka-Rustaq,Lateral,E,50.0,2,0.0949,29.8,35.4,5.979557,4.724185597980298,4.8356915,4.760686953977394,-4.665786953977394,1.8908404,Direct,,,,,,,,
Barka-Rustaq,Lateral,E,40.0,1,1.7422,29.8,35.4,9.546745,8.43317550573235,8.998688,8.499930552955023,-6.757730552955023,2.799536,Direct,,,,,,,,
Barka-Rustaq,Lateral,E,40.0,2,1.5645,29.8,35.4,9.546745,8.43317550573235,8.998688,8.499930552955023,-6.935430552955023,2.2702272,Direct,,,,,,,,
Barka-Rustaq,Lateral,E,30.0,1,2.919,29.8,35.4,18.079443,15.362457351567288,15.935381,15.471815945096536,-12.552815945096535,2.9367437,Direct,,,,,,,,
Barka-Rustaq,Lateral,E,30.0,2,2.6451,29.8,35.4,18.079443,15.362457351567288,15.935381,15.471815945096536,-12.826715945096536,2.3531606,Direct,,,,,,,,
Barka-Rustaq,Lateral,E,20.0,1,2.9901,29.8,35.4,31.412613,28.159366993669178,26.929197,28.17100142445093,-25.18090142445093,3.7675118,Direct,,,,,,,,
Barka-Rustaq,Lateral,E,20.0,2,1.93,29.8,35.4,31.412613,28.159366993669178,26.929197,28.17100142445093,-26.241001424450932,2.9114163,Direct,,,,,,,,
Barka-Rustaq,Lateral,E,10.0,1,3.9751,29.8,35.4,53.509666,50.14837519795691,44.027737,49.853820913888214,-45.878720913888216,5.7202277,Direct,,,,,,,,
Barka-Rustaq,Lateral,E,10.0,2,3.5798,29.8,35.4,53.509666,50.14837519795691,44.027737,49.853820913888214,-46.274020913888215,3.7027082,Direct,,,,,,,,
Barka-Rustaq,Lateral,E,0.0,1,9.1344,29.8,35.4,66.60748,61.93695582339062,48.598804,61.1992607936382,-52.0648607936382,6.207613,Direct,,,,,,,,
Barka-Rustaq,Lateral,E,0.0,2,5.5784,29.8,35.4,66.60748,61.93695582339062,48.598804,61.1992607936382,-55.6208607936382,6.035119,Direct,,,,,,,,
Barka-Rustaq,Lateral,E,10.0,1,5.9022,29.8,35.4,53.509666,50.14837519795691,44.027737,49.853820913888214,-43.95162091388821,4.0068502,Direct,,,,,,,,
Barka-Rustaq,Lateral,E,10.0,2,3.7433,29.8,35.4,53.509666,50.14837519795691,44.027737,49.853820913888214,-46.110520913888216,3.7124488,Direct,,,,,,,,
Barka-Rustaq,Lateral,E,20.0,1,3.104,29.8,35.4,31.412613,28.159366993669178,26.929197,28.17100142445093,-25.067001424450932,3.7675118,Direct,,,,,,,,
Barka-Rustaq,Lateral,E,20.0,2,3.01,29.8,35.4,31.412613,28.159366993669178,26.929197,28.17100142445093,-25.16100142445093,1.8743905,Direct,,,,,,,,
Barka-Rustaq,Lateral,E,30.0,1,2.5247,29.8,35.4,18.079443,15.362457351567288,15.935381,15.471815945096536,-12.947115945096535,2.9367437,Direct,,,,,,,,
Barka-Rustaq,Lateral,E,30.0,2,2.4614,29.8,35.4,18.079443,15.362457351567288,15.935381,15.471815945096536,-13.010415945096536,2.3531606,Direct,,,,,,,,
Barka-Rustaq,Lateral,E,40.0,1,3.1856,29.8,35.4,9.546745,8.43317550573235,8.998688,8.499930552955023,-5.314330552955023,1.8963041,Direct,,,,,,,,
Barka-Rustaq,Lateral,E,40.0,2,2.9352,29.8,35.4,9.546745,8.43317550573235,8.998688,8.499930552955023,-5.564730552955023,2.2702272,Direct,,,,,,,,
Barka-Rustaq,Lateral,E,50.0,1,2.9171,29.8,35.4,5.979557,4.724185597980298,4.8356915,4.760686953977394,-1.8435869539773937,0.37799475,Direct,,,,,,,,
Barka-Rustaq,Lateral,E,50.0,2,2.5666,29.8,35.4,5.979557,4.724185597980298,4.8356915,4.760686953977394,-2.1940869539773935,1.8908404,Direct,,,,,,,,
Ibri-Ibri City,Lateral,H,50.0,1,0.4989,31.6,23.7,,,,,,,,0.66197085,0.6681631751579812,0.62542146,0.6631021847874989,0.8332787809230993,-0.16420218478749893,0.8197524,Direct
Ibri-Ibri City,Lateral,H,50.0,2,0.4886,31.6,23.7,,,,,,,,0.66197085,0.6681631751579812,0.62542146,0.6631021847874989,0.8332787809230993,-0.17450218478749896,0.4568792,Direct
Ibri-Ibri City,Lateral,H,40.0,1,0.5269,31.6,23.7,,,,,,,,1.1256008,1.0474565183552993,0.981249,1.0541846276237794,1.324727472668063,-0.5272846276237794,0.9396668,Direct
Ibri-Ibri City,Lateral,H,40.0,2,0.5042,31.6,23.7,,,,,,,,1.1256008,1.0474565183552993,0.981249,1.0541846276237794,1.324727472668063,-0.5499846276237794,0.9289839,Direct
Ibri-Ibri City,Lateral,H,30.0,1,0.82,31.6,23.7,,,,,,,,1.85797,1.8506583971038002,1.560936,1.8350051084653531,2.3059354272217982,-1.015005108465353,1.4522808,Direct
Ibri-Ibri City,Lateral,H,30.0,2,0.7564,31.6,23.7,,,,,,,,1.85797,1.8506583971038002,1.560936,1.8350051084653531,2.3059354272217982,-1.0786051084653532,0.6916953,Direct
Ibri-Ibri City,Lateral,H,20.0,1,2.3524,31.6,23.7,,,,,,,,2.8903313,2.934928750798035,2.3955395,2.8988962526611126,3.6428604683516532,-0.5464962526611128,0.6330105,Direct
Ibri-Ibri City,Lateral,H,20.0,2,2.2898,31.6,23.7,,,,,,,,2.8903313,2.934928750798035,2.3955395,2.8988962526611126,3.6428604683516532,-0.6090962526611126,0.53027076,Direct
Ibri-Ibri City,Lateral,H,10.0,1,2.8904,31.6,23.7,,,,,,,,3.0616653,3.040197656803136,2.2989516,2.9995200178496817,3.7693080209488343,-0.10912001784968162,2.1468377,Direct
Ibri-Ibri City,Lateral,H,10.0,2,2.7856,31.6,23.7,,,,,,,,3.0616653,3.040197656803136,2.2989516,2.9995200178496817,3.7693080209488343,-0.21392001784968162,2.0578513,Direct
Ibri-Ibri City,Lateral,H,0.0,1,2.5837,31.6,23.7,,,,,,,,0.9277073,0.8092630607496437,1.869668,0.900779534913154,1.1319529477548782,1.682920465086846,2.8343863,Direct
Ibri-Ibri City,Lateral,H,0.0,2,2.4563,31.6,23.7,,,,,,,,0.9277073,0.8092630607496437,1.869668,0.900779534913154,1.1319529477548782,1.5555204650868462,2.3306608,Direct
Ibri-Ibri City,Lateral,H,10.0,1,1.9834,31.6,23.7,,,,,,,,3.0616653,3.040197656803136,2.2989516,2.9995200178496817,3.7693080209488343,-1.0161200178496816,2.8227532,Direct
Ibri-Ibri City,Lateral,H,10.0,2,1.8368,31.6,23.7,,,,,,,,3.0616653,3.040197656803136,2.2989516,2.9995200178496817,3.7693080209488343,-1.1627200178496817,2.6539123,Direct
Ibri-Ibri City,Lateral,H,20.0,1,0.4806,31.6,23.7,,,,,,,,2.8903313,2.934928750798035,2.3955395,2.8988962526611126,3.6428604683516532,-2.4182962526611127,2.220552,Direct
Ibri-Ibri City,Lateral,H,20.0,2,0.3947,31.6,23.7,,,,,,,,2.8903313,2.934928750798035,2.3955395,2.8988962526611126,3.6428604683516532,-2.504196252661113,2.0681336,Direct
Ibri-Ibri City,Lateral,H,30.0,1,0.5583,31.6,23.7,,,,,,,,1.85797,1.8506583971038002,1.560936,1.8350051084653531,2.3059354272217982,-1.2767051084653531,1.4522808,Direct
Ibri-Ibri City,Lateral,H,30.0,2,0.4821,31.6,23.7,,,,,,,,1.85797,1.8506583971038002,1.560936,1.8350051084653531,2.3059354272217982,-1.3529051084653532,0.6916953,Direct
Ibri-Ibri City,Lateral,H,40.0,1,1.0824,31.6,23.7,,,,,,,,1.1256008,1.0474565183552993,0.981249,1.0541846276237794,1.324727472668063,0.028215372376220627,0.53668964,Direct
Ibri-Ibri City,Lateral,H,40.0,2,0.9543,31.6,23.7,,,,,,,,1.1256008,1.0474565183552993,0.981249,1.0541846276237794,1.324727472668063,-0.09988462762377937,0.5127519,Direct
Ibri-Ibri City,Lateral,H,50.0,1,0.9275,31.6,23.7,,,,,,,,0.66197085,0.6681631751579812,0.62542146,0.6631021847874989,0.8332787809230993,0.26439781521250105,0.4984091,Direct
Ibri-Ibri City,Lateral,H,50.0,2,0.9012,31.6,23.7,,,,,,,,0.66197085,0.6681631751579812,0.62542146,0.6631021847874989,0.8332787809230993,0.23809781521250106,0.4568792,Direct
Ibri-Ibri City,Longitudinal,H,190.0,1,0.9911,31.6,23.7,,,,,,,,0.01951404,0.021487599805475086,0.03863814,0.018497591900858246,0.023244759529935332,0.9726024080991418,1.3105454,Direct
Ibri-Ibri City,Longitudinal,H,190.0,2,0.8758,31.6,23.7,,,,,,,,0.01951404,0.021487599805475086,0.03863814,0.018497591900858246,0.023244759529935332,0.8573024080991418,1.2059426,Direct
Ibri-Ibri City,Longitudinal,H,150.0,1,1.3279,31.6,23.7,,,,,,,,0.037613425,0.036885243658904096,0.04959576,0.03402443815902535,0.042756369985165715,1.2938755618409747,1.4999706,Direct
Ibri-Ibri City,Longitudinal,H,150.0,2,1.0606,31.6,23.7,,,,,,,,0.037613425,0.036885243658904096,0.04959576,0.03402443815902535,0.042756369985165715,1.0265755618409746,1.337261,Direct
Ibri-Ibri City,Longitudinal,H,110.0,1,2.0052,31.6,23.7,,,,,,,,0.07692183,0.08604048768191312,0.09453176,0.08171007457244625,0.10267990800042852,1.9234899254275537,2.124222,Direct
Ibri-Ibri City,Longitudinal,H,110.0,2,1.2218,31.6,23.7,,,,,,,,0.07692183,0.08604048768191312,0.09453176,0.08171007457244625,0.10267990800042852,1.1400899254275538,2.1395836,Direct
Ibri-Ibri City,Longitudinal,H,70.0,1,2.2201,31.6,23.7,,,,,,,,0.2880961,0.26926857317325226,0.25473934,0.2680075101441215,0.3367881699902656,1.9520924898558785,2.748116,Direct
Ibri-Ibri City,Longitudinal,H,70.0,2,1.787,31.6,23.7,,,,,,,,0.2880961,0.26926857317325226,0.25473934,0.2680075101441215,0.3367881699902656,1.5189924898558784,2.8537974,Direct
Ibri-Ibri City,Longitudinal,H,30.0,1,3.1717,31.6,23.7,,,,,,,,1.85797,1.8506583971038002,1.560936,1.8350051084653531,2.3059354272217982,1.3366948915346468,2.8889563,Direct
Ibri-Ibri City,Longitudinal,H,30.0,2,2.0839,31.6,23.7,,,,,,,,1.85797,1.8506583971038002,1.560936,1.8350051084653531,2.3059354272217982,0.24889489153464672,2.7998726,Direct
Ibri-Ibri City,Longitudinal,H,10.0,1,3.1887,31.6,23.7,,,,,,,,3.0616653,3.040197656803136,2.2989516,2.9995200178496817,3.7693080209488343,0.18917998215031817,3.6517694,Direct
Ibri-Ibri City,Longitudinal,H,10.0,2,3.0325,31.6,23.7,,,,,,,,3.0616653,3.040197656803136,2.2989516,2.9995200178496817,3.7693080209488343,0.0329799821503185,3.3633332,Direct
Ibri-Ibri City,Longitudinal,H,0.0,1,3.10991,31.6,23.7,,,,,,,,0.9277073,0.8092630607496437,1.869668,0.900779534913154,1.1319529477548782,2.2091304650868464,1.9253273,Direct
Ibri-Ibri City,Longitudinal,H,0.0,2,3.1183,31.6,23.7,,,,,,,,0.9277073,0.8092630607496437,1.869668,0.900779534913154,1.1319529477548782,2.217520465086846,1.4753484,Direct
Ibri-Ibri City,Longitudinal,H,10.0,1,3.6831,31.6,23.7,,,,,,,,3.0616653,3.040197656803136,2.2989516,2.9995200178496817,3.7693080209488343,0.6835799821503183,3.2239928,Direct
Ibri-Ibri City,Longitudinal,H,10.0,2,3.4131,31.6,23.7,,,,,,,,3.0616653,3.040197656803136,2.2989516,2.9995200178496817,3.7693080209488343,0.4135799821503183,3.0830166,Direct
Ibri-Ibri City,Longitudinal,H,30.0,1,3.0755,31.6,23.7,,,,,,,,1.85797,1.8506583971038002,1.560936,1.8350051084653531,2.3059354272217982,1.2404948915346468,3.0227437,Direct
Ibri-Ibri City,Longitudinal,H,30.0,2,2.8569,31.6,23.7,,,,,,,,1.85797,1.8506583971038002,1.560936,1.8350051084653531,2.3059354272217982,1.0218948915346469,2.1952238,Direct
Ibri-Ibri City,Longitudinal,H,70.0,1,2.7736,31.6,23.7,,,,,,,,0.2880961,0.26926857317325226,0.25473934,0.2680075101441215,0.3367881699902656,2.5055924898558786,2.2638352,Direct
Ibri-Ibri City,Longitudinal,H,70.0,2,3.062,31.6,23.7,,,,,,,,0.2880961,0.26926857317325226,0.25473934,0.2680075101441215,0.3367881699902656,2.7939924898558783,1.8698225,Direct
Ibri-Ibri City,Longitudinal,H,110.0,1,2.0712,31.6,23.7,,,,,,,,0.07692183,0.08604048768191312,0.09453176,0.08171007457244625,0.10267990800042852,1.989489925427554,2.124222,Direct
Ibri-Ibri City,Longitudinal,H,110.0,2,2.1713,31.6,23.7,,,,,,,,0.07692183,0.08604048768191312,0.09453176,0.08171007457244625,0.10267990800042852,2.089589925427554,1.3770367,Direct
Ibri-Ibri City,Longitudinal,H,150.0,1,1.4569,31.6,23.7,,,,,,,,0.037613425,0.036885243658904096,0.04959576,0.03402443815902535,0.042756369985165715,1.4228755618409747,1.2975141,Direct
Ibri-Ibri City,Longitudinal,H,150.0,2,1.4452,31.6,23.7,,,,,,,,0.037613425,0.036885243658904096,0.04959576,0.03402443815902535,0.042756369985165715,1.4111755618409747,1.1351495,Direct
Ibri-Ibri City,Longitudinal,H,190.0,1,1.3391,31.6,23.7,,,,,,,,0.01951404,0.021487599805475086,0.03863814,0.018497591900858246,0.023244759529935332,1.3206024080991416,1.0415547,Direct
Ibri-Ibri City,Longitudinal,H,190.0,2,1.2031,31.6,23.7,,,,,,,,0.01951404,0.021487599805475086,0.03863814,0.018497591900858246,0.023244759529935332,1.1846024080991417,0.94882697,Direct
Mahda-Oha,Lateral,H,50.0,1,0.1125,31.2,36.5,,,,,,,,0.66197085,0.6681631751579812,0.62231284,0.6628809998612137,0.8330008317472983,-0.5503809998612137,0.14389399,Direct
Mahda-Oha,Lateral,H,50.0,2,0.1031,31.2,36.5,,,,,,,,0.66197085,0.6681631751579812,0.62231284,0.6628809998612137,0.8330008317472983,-0.5597809998612138,0.07247478,Direct
Mahda-Oha,Lateral,H,40.0,1,0.1342,31.2,36.5,,,,,,,,1.1256008,1.0474565183552993,0.9797222,1.054075995984009,1.3245909621234828,-0.9198759959840089,0.19915791,Direct
Mahda-Oha,Lateral,H,40.0,2,0.1231,31.2,36.5,,,,,,,,1.1256008,1.0474565183552993,0.9797222,1.054075995984009,1.3245909621234828,-0.9309759959840089,0.19150874,Direct
Mahda-Oha,Lateral,H,30.0,1,0.3174,31.2,36.5,,,,,,,,1.85797,1.8506583971038002,1.5636181,1.8351959529404909,2.3061752494622265,-1.517795952940491,0.2977553,Direct
Mahda-Oha,Lateral,H,30.0,2,0.3097,31.2,36.5,,,,,,,,1.85797,1.8506583971038002,1.5636181,1.8351959529404909,2.3061752494622265,-1.5254959529404908,0.22100732,Direct
Mahda-Oha,Lateral,H,20.0,1,0.4131,31.2,36.5,,,,,,,,2.8903313,2.934928750798035,2.396181,2.898941908459013,3.642917841119364,-2.485841908459013,0.41675913,Direct
Mahda-Oha,Lateral,H,20.0,2,0.1475,31.2,36.5,,,,,,,,2.8903313,2.934928750798035,2.396181,2.898941908459013,3.642917841119364,-2.751441908459013,0.46635783,Direct
Mahda-Oha,Lateral,H,10.0,1,0.4331,31.2,36.5,,,,,,,,3.0616653,3.040197656803136,2.3026867,2.9997857718524803,3.769641977277976,-2.5666857718524803,0.46146417,Direct
Mahda-Oha,Lateral,H,10.0,2,0.2134,31.2,36.5,,,,,,,,3.0616653,3.040197656803136,2.3026867,2.9997857718524803,3.769641977277976,-2.7863857718524803,0.23695733,Direct
Mahda-Oha,Lateral,H,0.0,1,0.5441,31.2,36.5,,,,,,,,0.9277073,0.8092630607496437,1.8649824,0.900446134191468,1.131533984051698,-0.356346134191468,0.6135298,Direct
Mahda-Oha,Lateral,H,0.0,2,0.3672,31.2,36.5,,,,,,,,0.9277073,0.8092630607496437,1.8649824,0.900446134191468,1.131533984051698,-0.533246134191468,0.32954344,Direct
Mahda-Oha,Lateral,H,10.0,1,0.4315,31.2,36.5,,,,,,,,3.0616653,3.040197656803136,2.3026867,2.9997857718524803,3.769641977277976,-2.56828577185248,0.4585174,Direct
Mahda-Oha,Lateral,H,10.0,2,0.4166,31.2,36.5,,,,,,,,3.0616653,3.040197656803136,2.3026867,2.9997857718524803,3.769641977277976,-2.5831857718524804,0.23695733,Direct
Mahda-Oha,Lateral,H,20.0,1,0.4655,31.2,36.5,,,,,,,,2.8903313,2.934928750798035,2.396181,2.898941908459013,3.642917841119364,-2.433441908459013,0.39494675,Direct
Mahda-Oha,Lateral,H,20.0,2,0.4517,31.2,36.5,,,,,,,,2.8903313,2.934928750798035,2.396181,2.898941908459013,3.642917841119364,-2.447241908459013,0.14842238,Direct
Mahda-Oha,Lateral,H,30.0,1,0.2917,31.2,36.5,,,,,,,,1.85797,1.8506583971038002,1.5636181,1.8351959529404909,2.3061752494622265,-1.5434959529404908,0.38047612,Direct
Mahda-Oha,Lateral,H,30.0,2,0.2744,31.2,36.5,,,,,,,,1.85797,1.8506583971038002,1.5636181,1.8351959529404909,2.3061752494622265,-1.560795952940491,0.22100732,Direct
Mahda-Oha,Lateral,H,40.0,1,0.2014,31.2,36.5,,,,,,,,1.1256008,1.0474565183552993,0.9797222,1.054075995984009,1.3245909621234828,-0.8526759959840089,0.15766892,Direct
Mahda-Oha,Lateral,H,40.0,2,0.1773,31.2,36.5,,,,,,,,1.1256008,1.0474565183552993,0.9797222,1.054075995984009,1.3245909621234828,-0.8767759959840089,0.120753095,Direct
Mahda-Oha,Lateral,H,50.0,1,0.1265,31.2,36.5,,,,,,,,0.66197085,0.6681631751579812,0.62231284,0.6628809998612137,0.8330008317472983,-0.5363809998612137,0.1070296,Direct
Mahda-Oha,Lateral,H,50.0,2,0.1134,31.2,36.5,,,,,,,,0.66197085,0.6681631751579812,0.62231284,0.6628809998612137,0.8330008317472983,-0.5494809998612138,0.10578357,Direct
Mahda-Oha,Longitudinal,H,0.0,1,0.3674,31.2,36.5,,,,,,,,0.9277073,0.8092630607496437,1.8649824,0.900446134191468,1.131533984051698,-0.5330461341914681,0.5117407,Direct
Mahda-Oha,Longitudinal,H,0.0,2,0.1056,31.2,36.5,,,,,,,,0.9277073,0.8092630607496437,1.8649824,0.900446134191468,1.131533984051698,-0.794846134191468,0.3238627,Direct
Mahda-Oha,Longitudinal,H,40.0,1,0.3915,31.2,36.5,,,,,,,,1.1256008,1.0474565183552993,0.9797222,1.054075995984009,1.3245909621234828,-0.662575995984009,0.36700177,Direct
Mahda-Oha,Longitudinal,H,40.0,2,0.1343,31.2,36.5,,,,,,,,1.1256008,1.0474565183552993,0.9797222,1.054075995984009,1.3245909621234828,-0.9197759959840089,0.30953634,Direct
Mahda-Oha,Longitudinal,H,80.0,1,0.4632,31.2,36.5,,,,,,,,0.19233124,0.20962971866734828,0.18916151,0.20262336788779517,0.25462403360076774,0.26057663211220483,0.37680835,Direct
Mahda-Oha,Longitudinal,H,80.0,2,0.1825,31.2,36.5,,,,,,,,0.19233124,0.20962971866734828,0.18916151,0.20262336788779517,0.25462403360076774,-0.020123367887795174,0.19436654,Direct
Mahda-Oha,Longitudinal,H,120.0,1,0.624,31.2,36.5,,,,,,,,0.06500177,0.07160775431608483,0.07488586,0.06719668267223668,0.08444184185148132,0.5568033173277633,0.4185746,Direct
Mahda-Oha,Longitudinal,H,120.0,2,0.2605,31.2,36.5,,,,,,,,0.06500177,0.07160775431608483,0.07488586,0.06719668267223668,0.08444184185148132,0.19330331732776335,0.20621765,Direct
Mahda-Oha,Longitudinal,H,160.0,1,0.3075,31.2,36.5,,,,,,,,0.028550569,0.03235648068655836,0.04560095,0.02887834500099205,0.036289598601179265,0.27862165499900793,0.5773918,Direct
Mahda-Oha,Longitudinal,H,160.0,2,0.2053,31.2,36.5,,,,,,,,0.028550569,0.03235648068655836,0.04560095,0.02887834500099205,0.036289598601179265,0.17642165499900797,0.407137,Direct
Mahda-Oha,Longitudinal,H,180.0,1,1.6321,31.2,36.5,,,,,,,,0.023020392,0.024045282398426283,0.040357925,0.021139696386151728,0.02656492594634119,1.6109603036138485,1.2968279,Direct
Mahda-Oha,Longitudinal,H,180.0,2,1.2914,31.2,36.5,,,,,,,,0.023020392,0.024045282398426283,0.040357925,0.021139696386151728,0.02656492594634119,1.2702603036138485,1.2205002,Direct
Mahda-Oha,Longitudinal,H,200.0,1,0.9645,31.2,36.5,,,,,,,,0.018035684,0.019286541957426122,0.03790437,0.01649281434754042,0.02072548175650133,0.9480071856524596,0.85102266,Direct
Mahda-Oha,Longitudinal,H,200.0,2,0.772,31.2,36.5,,,,,,,,0.018035684,0.019286541957426122,0.03790437,0.01649281434754042,0.02072548175650133,0.7555071856524596,0.78580034,Direct
Mahda-Oha,Longitudinal,H,240.0,1,0.9199,31.2,36.5,,,,,,,,0.011775815,0.010484454377056763,0.037003357,0.008571550289565326,0.010771327767829558,0.9113284497104347,0.37623608,Direct
Mahda-Oha,Longitudinal,H,240.0,2,0.836,31.2,36.5,,,,,,,,0.011775815,0.010484454377056763,0.037003357,0.008571550289565326,0.010771327767829558,0.8274284497104346,0.24277167,Direct
Mahda-Oha,Longitudinal,H,280.0,1,0.3614,31.2,36.5,,,,,,,,0.007873311,0.00787970728835238,0.03638935,0.005915252712775529,0.007433325786633079,0.35548474728722446,0.32867634,Direct
Mahda-Oha,Longitudinal,H,280.0,2,0.2072,31.2,36.5,,,,,,,,0.007873311,0.00787970728835238,0.03638935,0.005915252712775529,0.007433325786633079,0.20128474728722445,0.30788165,Direct
Mahda-Oha,Longitudinal,H,320.0,1,0.3122,31.2,36.5,,,,,,,,0.006646248,0.006345123731315563,0.03508758,0.004433757821797329,0.005571624400301909,0.30776624217820264,0.4494424,Direct
Mahda-Oha,Longitudinal,H,320.0,2,0.2116,31.2,36.5,,,,,,,,0.006646248,0.006345123731315563,0.03508758,0.004433757821797329,0.005571624400301909,0.20716624217820268,0.32128307,Direct
Mahda-Oha,Longitudinal,H,360.0,1,0.142,31.2,36.5,,,,,,,,0.005762403,0.005617446778228408,0.033629905,0.003629108433687174,0.004560472157740955,0.13837089156631283,0.42164582,Direct
Mahda-Oha,Longitudinal,H,360.0,2,0.1112,31.2,36.5,,,,,,,,0.005762403,0.005617446778228408,0.033629905,0.003629108433687174,0.004560472157740955,0.10757089156631282,0.25847068,Direct
Barka-Rustaq,Lateral,H,50.0,1,0.4322,29.8,35.4,,,,,,,,0.40964705,0.41906552988649887,0.36444148,0.41163498275273014,0.5172757751106153,0.020565017247269834,0.49053395,Direct
Barka-Rustaq,Lateral,H,50.0,2,0.1772,29.8,35.4,,,,,,,,0.40964705,0.41906552988649887,0.36444148,0.41163498275273014,0.5172757751106153,-0.23443498275273014,0.4701308,Direct
Barka-Rustaq,Lateral,H,40.0,1,0.6299,29.8,35.4,,,,,,,,0.5920148,0.5610071441662838,0.5401168,0.5622566734054517,0.7065525738409612,0.0676433265945483,1.438134,Direct
Barka-Rustaq,Lateral,H,40.0,2,0.228,29.8,35.4,,,,,,,,0.5920148,0.5610071441662838,0.5401168,0.5622566734054517,0.7065525738409612,-0.33425667340545173,1.452648,Direct
Barka-Rustaq,Lateral,H,30.0,1,3.4964,29.8,35.4,,,,,,,,0.91175455,0.9588099416630086,0.8423055,0.944020506697275,1.1862911554713094,2.552379493302725,1.4958755,Direct
Barka-Rustaq,Lateral,H,30.0,2,0.5336,29.8,35.4,,,,,,,,0.91175455,0.9588099416630086,0.8423055,0.944020506697275,1.1862911554713094,-0.41042050669727503,1.7983184,Direct
Barka-Rustaq,Lateral,H,20.0,1,3.3012,29.8,35.4,,,,,,,,1.5614192,1.5468675730101726,1.2975984,1.5338009834241346,1.9274311606376247,1.7673990165758655,1.8771216,Direct
Barka-Rustaq,Lateral,H,20.0,2,0.7564,29.8,35.4,,,,,,,,1.5614192,1.5468675730101726,1.2975984,1.5338009834241346,1.9274311606376247,-0.7774009834241347,2.5647442,Direct
Barka-Rustaq,Lateral,H,10.0,1,3.9271,29.8,35.4,,,,,,,,2.0582356,2.0638476612887477,1.72478,2.043788172619562,2.56829996343813,1.883311827380438,2.4967408,Direct
Barka-Rustaq,Lateral,H,10.0,2,3.714,29.8,35.4,,,,,,,,2.0582356,2.0638476612887477,1.72478,2.043788172619562,2.56829996343813,1.670211827380438,3.8376782,Direct
Barka-Rustaq,Lateral,H,0.0,1,3.619,29.8,35.4,,,,,,,,1.9075477,1.8694804004166832,1.5014343,1.8526481723997286,2.3281063552390178,1.7663518276002717,1.0529757,Direct
Barka-Rustaq,Lateral,H,0.0,2,3.8054,29.8,35.4,,,,,,,,1.9075477,1.8694804004166832,1.5014343,1.8526481723997286,2.3281063552390178,1.9527518276002716,1.6790578,Direct
Barka-Rustaq,Lateral,H,10.0,1,2.3599,29.8,35.4,,,,,,,,2.0582356,2.0638476612887477,1.72478,2.043788172619562,2.56829996343813,0.3161118273804382,3.9442341,Direct
Barka-Rustaq,Lateral,H,10.0,2,3.888,29.8,35.4,,,,,,,,2.0582356,2.0638476612887477,1.72478,2.043788172619562,2.56829996343813,1.844211827380438,3.6296873,Direct
Barka-Rustaq,Lateral,H,20.0,1,1.886,29.8,35.4,,,,,,,,1.5614192,1.5468675730101726,1.2975984,1.5338009834241346,1.9274311606376247,0.3521990165758653,3.3219235,Direct
Barka-Rustaq,Lateral,H,20.0,2,3.4872,29.8,35.4,,,,,,,,1.5614192,1.5468675730101726,1.2975984,1.5338009834241346,1.9274311606376247,1.9533990165758655,2.5647442,Direct
Barka-Rustaq,Lateral,H,30.0,1,1.6439,29.8,35.4,,,,,,,,0.91175455,0.9588099416630086,0.8423055,0.944020506697275,1.1862911554713094,0.6998794933027249,3.1854153,Direct
Barka-Rustaq,Lateral,H,30.0,2,1.7299,29.8,35.4,,,,,,,,0.91175455,0.9588099416630086,0.8423055,0.944020506697275,1.1862911554713094,0.785879493302725,0.7879293,Direct
Barka-Rustaq,Lateral,H,40.0,1,1.6302,29.8,35.4,,,,,,,,0.5920148,0.5610071441662838,0.5401168,0.5622566734054517,0.7065525738409612,1.0679433265945484,0.84030986,Direct
Barka-Rustaq,Lateral,H,40.0,2,1.685,29.8,35.4,,,,,,,,0.5920148,0.5610071441662838,0.5401168,0.5622566734054517,0.7065525738409612,1.1227433265945483,0.39989933,Direct
Barka-Rustaq,Lateral,H,50.0,1,0.4561,29.8,35.4,,,,,,,,0.40964705,0.41906552988649887,0.36444148,0.41163498275273014,0.5172757751106153,0.04446501724726987,0.4523645,Direct
Barka-Rustaq,Lateral,H,50.0,2,0.4331,29.8,35.4,,,,,,,,0.40964705,0.41906552988649887,0.36444148,0.41163498275273014,0.5172757751106153,0.021465017247269846,0.4701308,Direct
Barka-Rustaq,Longitudinal,H,0.0,1,0.5013,29.8,35.4,,,,,,,,1.9075477,1.8694804004166832,1.5014343,1.8526481723997286,2.3281063552390178,-1.3513481723997285,1.1781801,Direct
Barka-Rustaq,Longitudinal,H,0.0,2,0.6156,29.8,35.4,,,,,,,,1.9075477,1.8694804004166832,1.5014343,1.8526481723997286,2.3281063552390178,-1.2370481723997284,1.0870697,Direct
Barka-Rustaq,Longitudinal,H,40.0,1,2.2159,29.8,35.4,,,,,,,,0.5920148,0.5610071441662838,0.5401168,0.5622566734054517,0.7065525738409612,1.6536433265945483,2.673789,Direct
Barka-Rustaq,Longitudinal,H,40.0,2,2.5538,29.8,35.4,,,,,,,,0.5920148,0.5610071441662838,0.5401168,0.5622566734054517,0.7065525738409612,1.9915433265945481,2.256133,Direct
Barka-Rustaq,Longitudinal,H,80.0,1,3.0683,29.8,35.4,,,,,,,,0.1754372,0.1936445369441206,0.17371884,0.1864805604569985,0.23433838350760555,2.8818194395430012,3.0996203,Direct
Barka-Rustaq,Longitudinal,H,80.0,2,3.1732,29.8,35.4,,,,,,,,0.1754372,0.1936445369441206,0.17371884,0.1864805604569985,0.23433838350760555,2.9867194395430015,3.1869407,Direct
Barka-Rustaq,Longitudinal,H,120.0,1,3.3745,29.8,35.4,,,,,,,,0.08220787,0.0841849741756758,0.10299323,0.08158215779061352,0.1025191630315979,3.2929178422093863,3.2871766,Direct
Barka-Rustaq,Longitudinal,H,120.0,2,3.3698,29.8,35.4,,,,,,,,0.08220787,0.0841849741756758,0.10299323,0.08158215779061352,0.1025191630315979,3.2882178422093866,3.3040752,Direct
Barka-Rustaq,Longitudinal,H,160.0,1,3.4708,29.8,35.4,,,,,,,,0.050336692,0.0427162263514181,0.0739913,0.042167967834714964,0.0529898311865405,3.428632032165285,3.2449408,Direct
Barka-Rustaq,Longitudinal,H,160.0,2,3.6756,29.8,35.4,,,,,,,,0.050336692,0.0427162263514181,0.0739913,0.042167967834714964,0.0529898311865405,3.633432032165285,3.3213599,Direct
Barka-Rustaq,Longitudinal,H,190.0,1,3.2836,29.8,35.4,,,,,,,,0.037291266,0.030546059372822926,0.0651314,0.030058235671997856,0.03777229294680765,3.253541764328002,3.0117412,Direct
Barka-Rustaq,Longitudinal,H,190.0,2,3.5249,29.8,35.4,,,,,,,,0.037291266,0.030546059372822926,0.0651314,0.030058235671997856,0.03777229294680765,3.4948417643280023,3.281265,Direct
Barka-Rustaq,Longitudinal,H,220.0,1,2.6585,29.8,35.4,,,,,,,,0.029084273,0.0228983581652096,0.061202478,0.022563801397148683,0.028354509082536568,2.6359361986028516,3.0955298,Direct
Barka-Rustaq,Longitudinal,H,220.0,2,3.2519,29.8,35.4,,,,,,,,0.029084273,0.0228983581652096,0.061202478,0.022563801397148683,0.028354509082536568,3.2293361986028515,2.701881,Direct
Barka-Rustaq,Longitudinal,H,260.0,1,2.5215,29.8,35.4,,,,,,,,0.021687273,0.017216989207126863,0.057655096,0.01676923741004928,0.02107284522148558,2.5047307625899506,2.5026252,Direct
Barka-Rustaq,Longitudinal,H,260.0,2,2.6505,29.8,35.4,,,,,,,,0.021687273,0.017216989207126863,0.057655096,0.01676923741004928,0.02107284522148558,2.6337307625899506,2.4672613,Direct
Barka-Rustaq,Longitudinal,H,300.0,1,1.4701,29.8,35.4,,,,,,,,0.017004041,0.01233253042700202,0.054236066,0.011996252853736527,0.015074935934361707,1.4581037471462635,1.7084455,Direct
Barka-Rustaq,Longitudinal,H,300.0,2,1.8476,29.8,35.4,,,,,,,,0.017004041,0.01233253042700202,0.054236066,0.011996252853736527,0.015074935934361707,1.8356037471462634,1.439226,Direct
Barka-Rustaq,Longitudinal,H,340.0,1,1.1936,29.8,35.4,,,,,,,,0.01391651,0.010389455890781439,0.05075613,0.009774974040175648,0.012283594653458702,1.1838250259598244,0.9577302,Direct
Barka-Rustaq,Longitudinal,H,340.0,2,1.1714,29.8,35.4,,,,,,,,0.01391651,0.010389455890781439,0.05075613,0.009774974040175648,0.012283594653458702,1.1616250259598244,1.1636952,Direct
Barka-Rustaq,Longitudinal,H,380.0,1,0.4688,29.8,35.4,,,,,,,,0.012640593,0.009883121872046131,0.04738197,0.00895448509017524,0.011252537830389549,0.4598455149098247,0.7614603,Direct
Barka-Rustaq,Longitudinal,H,380.0,2,0.6778,29.8,35.4,,,,,,,,0.012640593,0.009883121872046131,0.04738197,0.00895448509017524,0.011252537830389549,0.6688455149098247,0.70321816,Direct
